scale,kappa
0.1,0.655023
0.125,0.725188
0.15625,0.727863
0.1953125,0.732829
0.244140625,0.729246
0.30517578125,0.679938