scale,kappa
0.1,0.755262
0.125,0.80084
0.15625,0.539621
0.1953125,0.715223
0.244140625,0.85894
0.30517578125,0.78165